numero origen,numero destino,duracion,fecha
+5491167980950,+191167980952,462,2020-11-10T04:02:45Z
+5491167910920,+191167980952,392,2020-08-09T04:45:25Z
+5491167980953,+191167980952,466,2020-11-27T12:51:57Z
+5491167950940,+5491167980950,165,2020-04-29T05:51:40Z
+5491167980950,+5491167910920,338,2020-12-07T17:37:30Z
+5491167950940,+5491167980954,331,2020-09-18T16:32:42Z
+191167970944,+191167980952,172,2020-06-09T19:22:03Z
+5491167950940,+5491167980950,159,2020-10-18T02:14:50Z
+5491167980953,+5491167980950,378,2020-04-29T02:19:43Z
+191167980953,+5491167980951,142,2020-11-04T04:09:19Z
+5491167910920,+5491167920944,202,2020-12-19T07:16:09Z
+191167980953,+5491167980951,86,2020-04-21T16:03:58Z
+5491167940999,+191167970944,229,2020-10-11T06:06:06Z
+5491167920944,+5491167980951,353,2020-08-09T21:04:12Z
+5491167980951,+5491167980954,262,2020-09-21T07:43:11Z
+5491167920930,+5491167920944,365,2021-01-17T18:57:34Z
+5491167980953,+5491167950940,372,2020-08-21T15:08:40Z
+5491167940999,+5491167980953,316,2020-12-07T22:13:57Z
+5491167920930,+191167980953,147,2020-07-13T03:59:51Z
+191167980952,+5491167910920,57,2020-08-23T00:14:21Z
+5491167920944,+5491167920944,53,2021-01-08T05:45:17Z
+5491167940999,+5491167980950,77,2021-02-07T04:11:59Z
+5491167950940,+5491167980950,397,2020-10-27T18:18:00Z
+5491167920944,+5491167920944,429,2020-07-02T10:52:02Z
+5491167950940,+5491167920944,227,2020-04-20T06:11:56Z
+5491167980953,+191167970944,181,2021-02-15T05:11:05Z
+191167980953,+5491167930920,448,2020-12-06T11:57:31Z
+5491167920944,+5491167940999,162,2020-04-02T12:11:44Z
+5491167920930,+5491167940999,5,2020-12-28T05:44:20Z
+5491167980954,+5491167980954,49,2020-06-01T14:03:30Z
+5491167980954,+5491167920944,184,2021-04-01T22:15:22Z
+5491167920930,+5491167980950,54,2020-11-17T17:31:33Z
+5491167980954,+5491167980953,340,2021-01-13T22:45:34Z
+5491167940999,+5491167980951,323,2020-05-19T09:27:18Z
+5491167980954,+5491167980954,254,2021-01-23T06:39:12Z
+5491167930920,+5491167940999,484,2021-04-02T11:09:02Z
+5491167980951,+5491167910920,364,2020-05-07T05:10:10Z
+5491167980950,+5491167980950,199,2021-01-15T04:58:20Z
+5491167930920,+191167980952,412,2020-09-22T17:33:40Z
+5491167950940,+191167980953,10,2020-11-24T14:08:24Z
+191167980953,+5491167980951,350,2020-05-14T00:37:52Z
+5491167980951,+5491167930920,256,2020-07-15T21:32:53Z
+5491167940999,+5491167930920,487,2021-04-03T13:12:29Z
+5491167980954,+5491167930920,41,2021-04-11T11:56:38Z
+5491167920930,+191167980953,479,2021-01-17T17:35:34Z
+5491167910920,+5491167980954,36,2021-01-05T19:46:57Z
+5491167920944,+5491167940999,174,2020-09-13T09:08:26Z
+191167980952,+5491167980954,33,2020-09-08T11:44:03Z
+5491167920944,+191167970944,99,2020-09-27T20:57:31Z
+5491167980954,+191167980953,337,2021-01-01T08:16:02Z
+5491167920944,+191167970944,242,2021-01-03T01:54:07Z
+5491167980950,+5491167930920,211,2021-01-01T23:05:01Z
+5491167980954,+191167980953,94,2020-05-18T18:45:59Z
+5491167980954,+5491167980954,287,2020-06-19T19:23:33Z
+5491167940999,+5491167920930,93,2021-01-09T16:12:30Z
+5491167920930,+5491167980953,89,2020-06-08T18:54:13Z
+5491167920944,+5491167980950,46,2021-04-07T05:33:22Z
+191167970944,+5491167980954,247,2020-10-19T13:55:56Z
+5491167910920,+5491167940999,110,2020-08-24T12:38:23Z
+5491167910920,+5491167980953,313,2020-04-05T22:01:36Z
+5491167950940,+191167980953,102,2020-07-03T11:31:39Z
+5491167940999,+191167980953,10,2020-11-13T15:23:50Z
+5491167980950,+5491167920944,498,2020-04-21T00:50:43Z
+5491167980951,+5491167980950,289,2021-01-10T01:49:29Z
+5491167920930,+191167980952,80,2020-07-02T14:53:07Z
+5491167910920,+5491167930920,177,2020-08-24T19:14:57Z
+5491167930920,+5491167980950,347,2021-02-27T15:55:05Z
+5491167940999,+5491167920930,243,2021-03-04T16:44:58Z
+5491167910920,+5491167980954,398,2020-05-05T21:43:17Z
+191167970944,+5491167950940,75,2020-10-07T18:03:34Z
+5491167980954,+191167980952,104,2020-08-03T18:42:00Z
+5491167910920,+5491167980954,320,2020-04-29T15:46:59Z
+5491167940999,+191167970944,86,2021-03-06T19:21:24Z
+5491167920930,+5491167940999,207,2020-09-04T00:30:59Z
+5491167920944,+191167980953,9,2020-04-06T13:08:46Z
+191167970944,+5491167940999,371,2021-04-03T03:20:16Z
+5491167980950,+5491167980950,352,2020-06-08T04:26:31Z
+5491167920944,+191167980953,487,2021-01-28T22:57:35Z
+191167980953,+5491167920944,21,2020-11-12T08:22:23Z
+5491167920944,+191167980952,24,2020-12-01T18:52:17Z
+5491167980950,+191167970944,468,2020-12-30T09:15:02Z
+5491167950940,+5491167910920,398,2021-01-21T12:36:55Z
+5491167940999,+191167980953,208,2021-01-24T21:46:13Z
+5491167920944,+5491167920944,228,2020-08-04T08:52:53Z
+5491167930920,+5491167980951,23,2020-10-31T00:19:54Z
+5491167910920,+5491167930920,120,2021-02-11T04:09:12Z
+5491167920944,+5491167980953,74,2021-01-10T12:23:33Z
+5491167980950,+5491167940999,400,2021-03-01T11:17:22Z
+191167980953,+5491167980950,277,2020-07-26T13:07:57Z
+5491167980953,+5491167930920,489,2020-08-09T16:16:45Z
+191167980953,+191167980952,37,2021-02-26T06:50:49Z
+5491167980954,+191167980953,128,2020-04-01T03:48:44Z
+5491167930920,+5491167910920,214,2021-01-05T19:14:49Z
+5491167980953,+5491167980953,4,2020-10-04T09:09:23Z
+5491167920930,+5491167920944,229,2020-08-10T12:23:34Z
+191167980952,+5491167910920,100,2020-04-05T16:07:51Z
+5491167980953,+5491167980954,181,2021-03-15T20:55:37Z
+5491167920944,+5491167980951,246,2021-02-28T19:22:16Z
+191167970944,+191167970944,88,2020-06-30T12:37:26Z
+191167980952,+5491167980953,218,2020-12-03T05:59:57Z
+5491167980951,+5491167950940,244,2020-10-26T17:44:25Z
+5491167910920,+5491167950940,370,2020-08-16T04:43:04Z
+5491167980953,+5491167910920,123,2020-08-19T01:03:44Z
+5491167920944,+5491167930920,386,2020-11-12T04:26:41Z
+5491167980954,+5491167920930,382,2021-01-14T14:27:13Z
+5491167980953,+5491167930920,133,2020-05-31T02:07:56Z
+5491167920944,+191167970944,369,2021-03-26T17:46:49Z
+5491167920930,+5491167980951,485,2020-05-16T01:11:53Z
+5491167980950,+191167980952,280,2020-10-29T17:31:38Z
+5491167930920,+5491167940999,417,2021-01-18T21:29:31Z
+191167970944,+5491167980954,252,2020-08-11T11:53:12Z
+5491167930920,+191167970944,411,2021-01-23T04:54:34Z
+5491167950940,+191167970944,111,2021-03-31T16:46:19Z
+191167970944,+5491167910920,213,2020-12-24T01:01:56Z
+5491167980950,+5491167940999,192,2021-01-23T09:46:11Z
+5491167950940,+5491167920944,95,2020-09-22T03:40:34Z
+191167980953,+5491167950940,162,2020-08-18T23:25:03Z
+5491167940999,+5491167980954,390,2020-07-03T13:11:26Z
+5491167980951,+5491167930920,162,2020-06-04T20:39:01Z
+5491167940999,+191167980953,315,2020-11-05T04:22:36Z
+5491167920944,+5491167980953,21,2021-04-11T19:12:16Z
+5491167930920,+191167970944,360,2020-04-22T02:28:40Z
+5491167980953,+5491167910920,187,2020-06-27T03:37:02Z
+191167980953,+5491167980951,291,2020-09-11T14:12:39Z
+5491167920930,+5491167920930,418,2020-05-15T14:09:10Z
+5491167980953,+5491167950940,124,2020-06-24T03:35:51Z
+5491167980950,+5491167980954,437,2020-11-10T14:48:43Z
+5491167940999,+5491167910920,165,2020-08-26T01:35:36Z
+191167970944,+191167980953,42,2020-12-13T02:03:10Z
+5491167940999,+5491167910920,10,2020-06-23T14:21:04Z
+5491167910920,+5491167920944,31,2020-07-29T08:03:05Z
+5491167910920,+5491167940999,59,2020-12-12T09:37:09Z
+5491167950940,+191167970944,486,2020-04-06T08:24:53Z
+191167970944,+5491167930920,421,2021-01-28T20:41:48Z
+5491167920930,+191167980952,228,2021-01-24T04:06:10Z
+5491167950940,+5491167940999,479,2020-09-26T16:48:58Z
+5491167940999,+5491167920944,431,2020-09-08T00:56:38Z
+191167980953,+5491167980954,78,2021-03-25T21:29:06Z
+5491167950940,+5491167940999,360,2020-12-02T20:22:19Z
+191167970944,+5491167920944,317,2020-11-11T10:42:24Z
+191167980953,+5491167950940,399,2020-11-11T04:38:19Z
+5491167920944,+5491167910920,402,2020-08-06T00:26:19Z
+5491167930920,+5491167950940,384,2020-10-30T02:50:14Z
+5491167980950,+5491167930920,194,2020-07-14T09:55:14Z
+5491167910920,+5491167910920,387,2021-02-06T15:28:42Z
+5491167980950,+5491167930920,206,2021-03-23T10:10:00Z
+5491167980950,+5491167920930,343,2021-03-24T10:14:23Z
+5491167930920,+191167980953,268,2020-08-23T02:48:32Z
+5491167980951,+5491167920944,120,2020-08-18T00:01:16Z
+5491167980950,+5491167980950,193,2020-10-30T03:14:06Z
+5491167980950,+191167980953,375,2020-08-18T22:35:18Z
+191167980953,+191167970944,356,2020-05-30T05:15:46Z
+5491167920930,+5491167950940,452,2020-05-10T11:00:21Z
+5491167980953,+191167980953,215,2020-07-08T18:35:19Z
+191167980953,+5491167980953,124,2020-06-14T14:29:46Z
+5491167980950,+191167980953,137,2021-01-05T07:33:29Z
+191167980952,+5491167920930,68,2021-02-27T22:11:12Z
+5491167920944,+5491167980951,21,2020-07-01T17:39:21Z
+5491167920930,+5491167980950,83,2020-08-10T05:59:43Z
+5491167980953,+5491167920944,143,2020-08-29T11:37:17Z
+5491167980950,+5491167910920,155,2021-02-26T00:10:06Z
+5491167920944,+191167980953,412,2020-06-27T16:34:55Z
+5491167940999,+5491167980954,336,2020-07-04T01:01:13Z
+5491167980950,+191167980952,92,2020-12-10T13:40:27Z
+191167980953,+5491167910920,159,2020-12-26T02:58:24Z
+5491167930920,+5491167940999,231,2020-10-02T08:01:04Z
+191167970944,+5491167980950,408,2020-06-11T01:22:26Z
+191167970944,+5491167980951,145,2020-07-12T23:52:07Z
+5491167980953,+5491167940999,63,2020-06-18T07:49:30Z
+5491167930920,+5491167980954,180,2020-12-30T00:20:30Z
+5491167980953,+5491167980954,275,2020-10-27T01:53:34Z
+5491167980950,+5491167980950,363,2021-04-10T02:13:05Z
+191167980953,+5491167980953,156,2021-01-13T01:41:27Z
+5491167910920,+5491167980950,425,2020-12-31T01:33:08Z
+191167980952,+5491167980951,166,2020-05-09T16:11:00Z
+191167970944,+5491167980953,135,2021-03-25T01:16:02Z
+5491167980950,+5491167930920,79,2020-08-19T04:28:04Z
+5491167980951,+5491167930920,403,2021-03-10T05:17:00Z
+5491167920944,+5491167950940,263,2020-06-16T14:23:04Z
+5491167950940,+191167970944,449,2020-04-21T02:05:31Z
+191167970944,+191167970944,171,2020-05-24T03:28:28Z
+191167980952,+191167980952,489,2021-03-25T01:51:22Z
+5491167910920,+5491167910920,264,2021-04-06T16:46:27Z
+191167980953,+5491167980950,2,2020-10-16T20:12:45Z
+5491167980953,+5491167940999,355,2020-08-30T21:22:59Z
+191167980952,+191167980953,375,2021-04-13T11:40:59Z
+5491167980954,+5491167980953,188,2021-02-02T09:40:41Z
+191167980952,+5491167980953,138,2020-06-05T18:41:07Z
+5491167920930,+5491167910920,4,2021-04-05T18:43:36Z
+5491167950940,+5491167910920,282,2020-05-22T02:34:59Z
+5491167950940,+5491167980954,317,2020-10-05T15:30:38Z
+5491167980951,+5491167920944,313,2020-11-16T18:34:17Z
+5491167930920,+5491167910920,345,2020-05-12T00:10:40Z
+5491167980953,+5491167940999,220,2021-01-02T20:41:35Z
+5491167910920,+191167980952,430,2020-11-15T13:17:36Z
+5491167930920,+5491167940999,170,2020-04-09T18:15:17Z
+5491167910920,+191167970944,455,2020-11-12T13:13:45Z
+5491167930920,+5491167980950,475,2020-05-14T15:03:51Z
+191167980952,+5491167980951,195,2020-08-16T04:47:22Z
+5491167920930,+5491167920930,273,2020-11-15T00:39:59Z
+5491167920930,+5491167920930,404,2020-07-12T16:20:32Z
+191167980952,+5491167980954,212,2020-06-03T04:53:44Z
+5491167920930,+5491167980954,368,2020-08-14T14:22:14Z
+5491167920944,+5491167980950,446,2020-12-16T09:10:16Z
+5491167920930,+5491167910920,104,2020-10-25T19:06:09Z
+5491167920944,+5491167980953,134,2020-12-20T21:17:07Z
+5491167980954,+191167970944,162,2020-10-29T17:32:05Z
+5491167910920,+5491167910920,390,2021-02-12T13:40:16Z
+5491167920944,+5491167980953,499,2020-09-14T06:00:01Z
+5491167980950,+5491167940999,240,2021-02-11T06:25:24Z
+5491167980953,+191167980952,245,2020-04-23T13:45:19Z
+5491167910920,+5491167910920,317,2020-08-16T01:49:01Z
+5491167980954,+5491167920944,447,2020-09-10T19:34:10Z
+5491167980951,+5491167980950,378,2021-02-05T11:54:36Z
+191167980953,+5491167980951,268,2020-08-29T21:15:38Z
+191167980952,+5491167950940,18,2020-09-23T14:27:10Z
+5491167980953,+5491167920930,41,2020-05-09T05:01:56Z
+5491167950940,+191167980953,139,2020-09-23T06:57:23Z
+5491167920930,+5491167980950,389,2020-07-21T17:16:52Z
+5491167980954,+5491167910920,46,2021-02-20T20:56:30Z
+5491167910920,+5491167980950,9,2020-11-24T23:48:19Z
+5491167980951,+5491167940999,359,2020-04-22T03:00:28Z
+191167970944,+191167970944,38,2021-02-15T07:48:06Z
+5491167920944,+191167980953,292,2021-03-11T08:06:38Z
+5491167910920,+5491167910920,337,2020-07-10T20:32:43Z
+191167980953,+5491167980951,93,2020-04-01T19:40:51Z
+191167970944,+5491167920930,424,2020-09-21T04:20:36Z
+5491167940999,+5491167980950,114,2020-04-22T14:53:27Z
+5491167910920,+5491167910920,255,2021-04-06T03:13:04Z
+191167980953,+5491167920944,273,2020-11-03T14:16:51Z
+5491167920930,+5491167980953,182,2021-01-19T20:15:26Z
+5491167940999,+5491167980950,159,2020-10-25T11:51:31Z
+191167970944,+5491167920944,409,2020-09-24T14:50:15Z
+5491167980954,+5491167940999,273,2020-05-21T17:16:05Z
+191167970944,+5491167950940,92,2020-04-21T10:36:41Z
+5491167950940,+5491167920944,435,2020-05-21T08:19:22Z
+5491167980950,+5491167980953,157,2020-04-23T17:55:20Z
+5491167920930,+5491167980953,327,2020-09-11T05:11:47Z
+5491167980950,+191167980952,40,2021-01-18T13:29:13Z
+5491167920930,+191167970944,485,2020-09-11T19:04:56Z
+191167980952,+5491167920930,84,2020-12-26T07:26:46Z
+5491167950940,+5491167950940,90,2020-12-15T21:32:08Z
+5491167930920,+191167980953,402,2020-11-23T09:21:32Z
+5491167980954,+191167980953,465,2020-05-22T03:00:45Z
+5491167910920,+5491167950940,244,2020-05-13T02:13:42Z
+5491167910920,+5491167980954,211,2021-03-21T02:57:38Z
+191167980953,+5491167950940,477,2020-10-17T23:19:02Z
+191167980952,+5491167980954,125,2020-07-25T18:57:28Z
+5491167910920,+191167980952,478,2020-11-14T09:08:00Z
+5491167980950,+5491167920944,126,2020-12-02T23:55:43Z
+5491167950940,+5491167980954,472,2020-12-15T08:14:44Z
+5491167920944,+191167980953,158,2020-06-28T18:55:36Z
+5491167930920,+5491167950940,53,2020-04-07T10:36:58Z
+5491167910920,+5491167980950,169,2021-02-28T18:08:20Z
+5491167950940,+5491167980951,233,2021-03-26T01:34:57Z
+5491167980954,+5491167950940,156,2021-04-02T00:06:52Z
+5491167980954,+191167970944,308,2020-10-22T14:38:28Z
+5491167980950,+5491167980950,443,2021-04-03T23:11:58Z
+5491167980954,+5491167980950,53,2020-08-03T06:13:43Z
+5491167920944,+5491167980953,312,2020-04-15T06:55:15Z
+5491167980954,+5491167910920,368,2020-08-12T06:45:18Z
+5491167950940,+5491167980950,460,2021-02-28T14:20:06Z
+191167970944,+191167970944,47,2021-02-24T01:03:22Z
+5491167950940,+191167980952,1,2020-04-25T23:29:59Z
+5491167930920,+5491167940999,421,2020-08-15T03:44:20Z
+5491167980953,+5491167910920,52,2021-04-04T01:16:39Z
+5491167940999,+5491167920930,140,2020-12-14T01:44:34Z
+5491167920944,+5491167940999,271,2021-03-14T04:46:59Z
+191167970944,+5491167910920,26,2020-05-27T14:10:18Z
+5491167930920,+5491167980951,220,2021-02-10T13:29:35Z
+5491167980951,+5491167910920,174,2020-04-23T07:43:15Z
+191167980953,+5491167920930,270,2020-04-21T03:40:48Z
+5491167920944,+5491167950940,283,2020-04-13T05:11:04Z
+5491167980953,+5491167980950,52,2020-12-18T04:49:58Z
+5491167980951,+5491167910920,387,2020-11-01T00:12:05Z
+5491167980951,+191167980952,336,2020-09-09T05:45:27Z
+191167970944,+5491167940999,263,2021-02-02T02:08:59Z
+191167980953,+5491167980951,433,2021-03-29T12:46:38Z
+5491167980950,+5491167940999,372,2020-11-12T03:37:18Z
+5491167920930,+5491167980950,179,2020-05-24T01:13:06Z
+5491167910920,+5491167910920,252,2020-10-17T15:56:06Z
+191167980953,+5491167920930,233,2020-08-02T11:14:34Z
+5491167950940,+191167980953,182,2020-12-29T13:16:26Z
+191167980953,+5491167920930,462,2020-09-03T03:23:42Z
+5491167930920,+5491167980950,454,2020-09-20T02:35:59Z
+5491167950940,+5491167910920,444,2020-05-29T22:44:32Z
+191167970944,+5491167980950,311,2021-01-31T09:52:40Z
+191167980953,+5491167930920,284,2020-05-10T18:33:50Z
+5491167920944,+191167970944,291,2021-02-25T12:09:39Z
+191167980952,+5491167980950,25,2021-01-26T13:34:40Z
+5491167980953,+5491167940999,407,2021-04-03T10:02:29Z
+5491167980954,+5491167950940,28,2020-04-10T06:12:01Z
+191167970944,+5491167980951,107,2021-01-19T06:10:57Z
+5491167980953,+5491167920930,26,2021-02-25T18:13:46Z
+5491167950940,+5491167910920,32,2021-02-17T15:11:14Z
+191167970944,+191167980952,134,2020-11-21T05:21:06Z
+191167980952,+5491167980954,28,2020-08-06T17:27:52Z
+5491167980953,+5491167980954,187,2020-04-21T19:42:15Z
+5491167910920,+5491167950940,382,2021-03-26T05:43:58Z
+5491167980954,+5491167980951,5,2020-07-16T06:44:27Z
+5491167950940,+5491167910920,291,2020-07-15T19:56:13Z
+191167980952,+5491167980954,43,2021-03-13T10:58:56Z
+191167970944,+191167980953,42,2020-10-04T08:13:58Z
+5491167980951,+5491167980950,10,2021-01-17T16:10:04Z
+5491167980954,+5491167920944,11,2020-10-31T12:19:48Z
+5491167920930,+5491167980954,111,2020-09-17T10:39:52Z
+5491167980951,+5491167980950,111,2020-09-16T07:01:43Z
+5491167940999,+5491167980950,455,2020-07-29T23:19:06Z
+5491167980953,+5491167980950,339,2020-04-15T01:24:21Z
+5491167980954,+5491167980951,353,2020-04-07T16:18:04Z
+5491167930920,+191167980952,432,2020-10-30T10:51:51Z
+5491167980951,+5491167920944,317,2020-08-11T20:39:34Z
+5491167930920,+5491167930920,74,2020-05-26T01:47:48Z
+5491167980954,+191167970944,337,2020-09-06T12:08:44Z
+5491167980951,+191167980952,404,2020-04-15T09:07:55Z
+5491167980951,+191167980953,276,2020-11-24T21:35:02Z
+5491167920930,+191167980953,216,2020-07-11T22:58:53Z
+5491167920944,+5491167940999,121,2021-04-11T20:00:13Z
+5491167940999,+5491167920930,423,2020-07-12T20:56:55Z
+5491167940999,+5491167910920,42,2020-11-09T11:15:32Z
+5491167920944,+5491167910920,10,2020-05-27T02:33:26Z
+5491167980953,+5491167980950,205,2021-02-01T19:05:02Z
+5491167910920,+5491167920944,237,2020-06-21T21:41:05Z
+5491167930920,+191167980952,395,2020-05-09T01:39:14Z
+5491167940999,+5491167920944,338,2020-12-08T20:19:18Z
+5491167940999,+5491167920930,380,2020-04-08T00:31:17Z
+5491167930920,+191167980953,249,2020-12-27T07:49:12Z
+5491167980954,+191167970944,28,2020-11-16T05:06:17Z
+5491167950940,+5491167980951,228,2020-10-29T12:37:33Z
+5491167940999,+5491167950940,17,2020-11-11T23:32:54Z
+5491167980953,+5491167980951,345,2020-07-10T04:32:26Z
+5491167950940,+5491167940999,101,2020-08-18T21:22:04Z
+5491167950940,+5491167920930,108,2020-12-31T00:31:18Z
+191167970944,+5491167920930,419,2021-03-29T05:14:27Z
+5491167980954,+5491167940999,337,2021-04-13T13:30:04Z
+191167980952,+5491167910920,58,2020-09-09T06:39:46Z
+5491167930920,+191167970944,120,2020-10-08T20:56:10Z
+5491167980951,+5491167980953,168,2020-06-21T07:56:57Z
+5491167910920,+5491167980953,53,2021-02-18T22:27:14Z
+5491167940999,+5491167940999,385,2020-07-01T14:54:23Z
+5491167920944,+5491167950940,101,2020-06-30T10:31:48Z
+5491167930920,+5491167980950,302,2020-06-22T09:52:59Z
+191167980953,+5491167940999,342,2020-09-24T13:54:31Z
+191167980952,+5491167980951,151,2020-04-09T20:55:36Z
+5491167920930,+5491167980954,147,2021-03-11T05:49:06Z
+5491167910920,+191167970944,23,2021-03-21T00:13:43Z
+5491167930920,+5491167910920,449,2020-04-13T21:17:23Z
+5491167910920,+5491167980953,272,2020-12-31T19:59:57Z
+191167980953,+5491167980953,330,2020-07-13T05:54:18Z
+5491167910920,+5491167980954,408,2020-09-06T11:10:17Z
+5491167910920,+5491167940999,231,2021-03-28T23:32:05Z
+5491167920944,+5491167920930,349,2020-05-26T08:49:26Z
+191167970944,+191167980952,290,2020-07-10T12:09:01Z
+5491167980950,+5491167930920,167,2021-03-11T07:47:39Z
+5491167920930,+5491167980953,400,2020-05-03T09:32:45Z
+191167970944,+5491167980953,261,2020-07-29T16:07:03Z
+191167970944,+5491167930920,385,2020-05-20T17:36:01Z
+5491167920930,+191167980952,386,2021-01-03T17:37:40Z
+5491167920930,+5491167930920,310,2020-10-05T23:13:25Z
+5491167980953,+5491167980954,416,2021-01-28T00:08:40Z
+5491167980953,+5491167920944,445,2020-10-28T11:59:25Z
+5491167950940,+5491167950940,19,2021-01-13T23:51:07Z
+191167980953,+5491167980954,445,2020-06-29T11:21:31Z
+5491167920944,+5491167930920,24,2021-01-01T20:32:53Z
+191167980952,+5491167930920,10,2021-02-16T21:02:42Z
+5491167940999,+5491167930920,142,2020-09-17T09:05:28Z
+5491167980951,+191167970944,118,2020-11-29T18:54:33Z
+5491167980951,+5491167980950,3,2021-03-09T08:42:11Z
+5491167930920,+191167980952,14,2020-06-28T17:44:56Z
+5491167920930,+5491167950940,215,2021-01-20T15:38:07Z
+5491167980954,+5491167920944,89,2020-08-03T02:49:32Z
+191167980953,+191167970944,63,2020-10-25T07:57:49Z
+191167970944,+5491167920944,455,2020-04-22T07:37:45Z
+5491167950940,+5491167950940,366,2020-12-21T14:55:57Z
+191167970944,+5491167980950,169,2021-03-11T10:48:04Z
+191167970944,+191167980952,61,2020-10-12T13:31:28Z
+5491167930920,+191167980952,426,2020-11-15T10:58:54Z
+5491167920944,+5491167980951,421,2020-11-04T13:17:38Z
+5491167980951,+191167980952,353,2020-09-20T10:24:20Z
+5491167980950,+5491167930920,92,2020-07-04T03:07:55Z
+5491167920944,+5491167950940,108,2020-04-04T23:23:20Z
+191167980953,+5491167980954,402,2020-06-11T02:15:19Z
+5491167930920,+5491167910920,448,2021-03-04T11:50:13Z
+5491167910920,+5491167950940,172,2020-10-14T23:04:01Z
+5491167930920,+5491167980953,112,2021-01-19T07:46:27Z
+5491167910920,+5491167950940,50,2020-06-10T05:37:29Z
+5491167980950,+5491167980950,435,2020-09-26T10:24:13Z
+5491167920944,+5491167940999,195,2020-07-24T21:44:44Z
+5491167980953,+5491167910920,479,2020-07-07T23:13:17Z
+5491167980953,+5491167980950,472,2021-02-18T13:14:54Z
+5491167980954,+5491167940999,10,2021-01-06T14:43:21Z
+5491167930920,+5491167920930,325,2020-08-08T06:24:38Z
+191167970944,+5491167920930,419,2020-11-21T00:29:23Z
+5491167920944,+5491167940999,117,2020-06-01T09:47:37Z
+5491167920944,+5491167910920,483,2020-06-17T02:07:44Z
+5491167910920,+5491167950940,117,2020-11-28T10:16:21Z
+5491167980951,+5491167930920,241,2020-11-23T06:29:41Z
+5491167940999,+5491167980954,420,2020-10-05T01:05:13Z
+5491167980954,+5491167980950,438,2020-12-16T20:58:02Z
+5491167980954,+5491167980951,148,2021-02-26T19:24:21Z
+5491167980950,+5491167950940,18,2020-11-12T02:16:26Z
+5491167980951,+5491167920944,66,2021-02-02T11:46:02Z
+5491167980951,+5491167920944,299,2020-09-19T21:12:22Z
+191167980953,+5491167980951,149,2020-11-01T13:48:27Z
+5491167920944,+191167980953,67,2021-01-07T19:51:38Z
+5491167950940,+5491167930920,123,2020-09-18T21:55:15Z
+5491167980954,+191167980953,197,2020-10-04T12:18:21Z
+5491167920944,+5491167930920,398,2020-06-04T19:32:18Z
+5491167980954,+5491167980951,344,2021-02-25T17:26:35Z
+5491167930920,+5491167980954,362,2020-09-10T17:05:31Z
+5491167940999,+5491167980950,41,2020-07-16T01:27:06Z
+5491167980951,+191167970944,451,2021-01-17T18:49:14Z
+5491167940999,+191167970944,194,2020-11-05T15:53:09Z
+5491167980951,+5491167980953,141,2020-11-18T08:23:19Z
+5491167940999,+5491167980951,102,2020-04-28T12:30:45Z
+191167970944,+5491167980950,311,2020-05-17T06:20:17Z
+5491167950940,+5491167980953,98,2021-04-01T10:13:52Z
+5491167980951,+191167980952,373,2021-01-24T17:18:09Z
+191167970944,+5491167980953,135,2020-04-05T10:46:40Z
+5491167930920,+5491167980951,308,2020-12-17T10:32:01Z
+5491167980954,+5491167920930,425,2020-08-15T16:31:59Z
+5491167920944,+191167980953,469,2021-03-14T04:47:57Z
+191167980952,+5491167950940,2,2020-05-25T17:52:45Z
+5491167950940,+5491167920944,395,2020-12-12T23:19:10Z
+5491167930920,+5491167920944,92,2020-11-07T02:32:05Z
+5491167940999,+5491167980953,260,2021-02-12T11:19:45Z
+5491167920930,+5491167930920,50,2020-04-04T18:28:14Z
+5491167980953,+5491167930920,233,2021-02-12T15:06:00Z
+5491167950940,+5491167980953,181,2020-07-25T15:07:50Z
+191167980952,+191167980953,333,2020-09-17T23:16:21Z
+191167980953,+5491167980953,21,2021-03-02T20:03:27Z
+5491167980954,+5491167940999,437,2020-09-07T07:52:09Z
+191167970944,+191167980953,186,2020-10-08T23:54:11Z
+191167980952,+5491167940999,419,2021-02-15T11:01:09Z
+191167970944,+5491167930920,103,2021-02-21T05:56:16Z
+191167980952,+191167970944,374,2020-12-22T02:39:00Z
+191167980952,+5491167980953,102,2020-12-01T02:57:31Z
+5491167910920,+5491167980954,75,2020-12-22T08:30:32Z
+5491167980954,+5491167980951,74,2020-10-23T01:58:48Z
+5491167920930,+5491167980954,38,2020-10-20T11:18:57Z
+5491167950940,+5491167920930,395,2020-08-25T19:35:06Z
+5491167950940,+5491167920944,15,2021-01-12T20:03:31Z
+5491167930920,+191167970944,100,2020-04-14T18:42:12Z
+191167980952,+191167980953,249,2020-11-30T23:11:16Z
+5491167980953,+5491167980954,421,2021-04-06T10:14:41Z
+5491167980950,+5491167950940,454,2021-04-02T20:24:18Z
+5491167940999,+5491167930920,105,2020-08-13T05:08:46Z
+191167980952,+5491167980953,70,2020-07-14T11:05:33Z
+5491167920944,+191167980952,5,2020-04-07T21:16:20Z
+5491167930920,+191167980952,325,2020-09-08T05:29:53Z
+191167980952,+191167980953,155,2020-05-27T10:11:06Z
+5491167950940,+5491167920930,230,2021-02-02T11:47:41Z
+5491167920944,+5491167910920,31,2021-01-06T12:00:34Z
+5491167920930,+5491167980953,131,2020-07-31T02:18:53Z
+5491167930920,+191167980953,176,2021-01-19T04:08:35Z
+5491167980953,+5491167920944,65,2020-12-25T03:23:06Z
+5491167930920,+5491167980951,389,2020-10-30T10:27:50Z
+5491167950940,+5491167920930,20,2021-04-08T14:01:11Z
+191167980952,+5491167980950,410,2021-01-28T19:32:37Z
+5491167920930,+191167970944,350,2020-04-13T11:44:17Z
+191167980952,+191167980952,317,2020-04-01T02:18:14Z
+5491167910920,+5491167910920,336,2020-08-20T18:56:21Z
+5491167950940,+5491167920930,139,2020-07-20T22:10:24Z
+5491167980953,+5491167980953,218,2020-04-24T09:24:14Z
+5491167920944,+5491167980951,376,2020-08-08T22:52:53Z
+5491167980953,+5491167980950,482,2020-10-12T13:53:48Z
+5491167920930,+191167980952,75,2020-10-03T08:58:22Z
+5491167980951,+191167970944,398,2021-01-22T18:04:51Z
+191167980953,+5491167980951,122,2021-02-20T12:45:06Z
+5491167910920,+191167980952,431,2020-10-30T00:28:43Z
+5491167930920,+5491167940999,46,2020-12-13T19:45:01Z
+5491167920944,+191167980953,105,2020-10-08T14:00:59Z
+5491167930920,+5491167940999,265,2021-03-06T02:34:12Z
+5491167930920,+5491167980953,452,2020-11-21T18:43:08Z
+5491167980951,+5491167980954,419,2020-06-23T12:39:00Z
+5491167980951,+5491167980953,62,2020-07-09T20:48:16Z
+5491167980954,+5491167930920,122,2020-05-20T17:06:34Z
+5491167980953,+5491167980950,238,2021-02-04T16:52:18Z
+191167980952,+5491167980954,183,2021-04-13T17:08:36Z
+191167980953,+5491167980951,300,2021-02-18T16:39:16Z
+5491167980950,+5491167950940,309,2020-12-19T22:46:43Z
+5491167930920,+5491167980954,430,2020-10-20T22:57:50Z
+5491167920944,+5491167910920,280,2021-02-21T01:07:25Z
+5491167920944,+5491167980953,329,2020-08-26T00:03:49Z
+5491167950940,+5491167980951,402,2020-06-26T18:29:05Z
+191167980953,+5491167980950,478,2021-04-02T03:37:23Z
+5491167930920,+5491167980950,66,2020-12-31T02:41:53Z
+5491167910920,+5491167950940,413,2020-04-04T12:07:51Z
+191167980952,+191167980952,120,2021-01-19T19:30:49Z
+5491167980953,+5491167980950,218,2020-04-12T05:58:19Z
+5491167980953,+191167970944,142,2020-05-04T03:31:39Z
+191167980953,+191167980953,349,2021-02-03T05:14:38Z
+5491167920930,+5491167980951,111,2020-04-26T22:58:53Z
+5491167910920,+191167980952,186,2020-05-02T04:44:38Z
+5491167980951,+5491167910920,405,2020-08-19T19:09:34Z
+5491167910920,+5491167910920,209,2020-06-20T18:46:07Z
+5491167940999,+5491167920944,459,2020-12-09T11:05:20Z
+191167980953,+5491167920930,41,2020-10-18T10:45:35Z
+5491167920930,+5491167940999,181,2020-05-15T00:15:41Z
+5491167980951,+5491167940999,488,2020-08-23T18:06:51Z
+5491167950940,+5491167980953,470,2020-05-30T12:24:21Z
+5491167930920,+5491167930920,480,2020-04-15T23:54:05Z
+5491167910920,+191167980953,417,2020-06-27T07:39:28Z
+5491167980953,+5491167930920,104,2021-03-19T23:00:16Z
+5491167920944,+5491167980954,373,2020-11-30T09:29:02Z
+5491167910920,+5491167980951,459,2020-09-27T22:02:10Z
+191167980953,+5491167980954,114,2020-09-10T00:37:10Z
+191167970944,+5491167950940,491,2021-02-25T09:33:18Z
+5491167910920,+5491167930920,114,2020-07-07T19:47:54Z
+5491167980950,+5491167920944,472,2020-11-28T17:28:32Z
+191167970944,+5491167910920,179,2021-04-10T21:32:59Z
+5491167950940,+5491167920944,298,2020-07-24T06:28:47Z
+5491167920930,+5491167980954,8,2020-11-19T11:54:40Z
+5491167950940,+191167970944,483,2020-09-14T03:04:01Z
+191167980953,+191167980953,273,2021-01-10T17:24:51Z
+5491167980953,+191167980953,9,2020-08-13T03:22:15Z
+191167980953,+5491167930920,25,2020-08-22T05:05:55Z
+5491167930920,+5491167920930,495,2020-06-28T02:52:38Z
+191167980953,+5491167910920,102,2020-09-01T14:19:48Z
+5491167920930,+191167980953,109,2021-04-15T01:18:17Z
+191167970944,+5491167920930,153,2020-08-19T17:10:50Z
+191167980952,+5491167980953,359,2020-08-05T19:55:26Z
+191167970944,+5491167920930,162,2020-08-28T02:23:14Z
+5491167980953,+5491167980954,276,2020-11-24T17:48:18Z
+5491167980953,+5491167950940,171,2020-09-09T19:08:10Z
+5491167980953,+5491167980954,267,2020-07-17T23:32:11Z
+5491167950940,+5491167980954,253,2021-03-26T08:51:14Z
+5491167950940,+5491167980950,270,2020-05-07T17:06:01Z
+5491167930920,+5491167910920,189,2020-04-15T22:56:31Z
+5491167980954,+5491167980951,402,2020-08-11T20:07:38Z
+5491167930920,+5491167910920,185,2021-01-01T01:13:32Z
+191167970944,+5491167920944,17,2020-10-30T09:20:07Z
+5491167910920,+5491167950940,155,2021-02-02T03:42:31Z
+5491167980953,+5491167980953,275,2020-10-02T10:04:18Z
+5491167980954,+191167970944,229,2020-06-17T03:01:03Z
+5491167980951,+5491167980950,342,2020-08-05T03:25:41Z
+5491167920930,+5491167980951,478,2020-05-04T05:08:37Z
+5491167940999,+5491167920944,493,2021-02-27T07:36:05Z
+5491167980954,+5491167930920,410,2020-05-25T08:12:36Z
+5491167980951,+5491167980954,180,2020-11-15T20:36:52Z
+5491167950940,+191167980952,26,2020-11-24T08:11:12Z
+191167980952,+5491167920944,204,2020-11-21T23:19:28Z
+5491167950940,+5491167980950,381,2020-11-04T00:17:18Z
+5491167950940,+5491167930920,342,2020-05-09T15:52:45Z
+5491167920930,+5491167980953,105,2021-03-30T12:17:43Z
+5491167980950,+5491167980951,128,2021-01-04T06:15:21Z
+191167980952,+5491167980954,178,2021-02-04T03:16:09Z
+191167980953,+191167980952,220,2020-07-03T16:06:20Z
+5491167980953,+191167980952,98,2021-03-18T19:22:43Z
+191167980952,+191167970944,452,2021-02-27T13:58:41Z
+5491167910920,+5491167950940,384,2020-07-11T08:34:23Z
+5491167980954,+5491167980951,120,2021-01-29T20:24:51Z
+5491167940999,+5491167980951,394,2020-09-14T10:12:15Z
+5491167980951,+5491167980951,451,2020-10-30T17:36:15Z
+5491167940999,+5491167930920,119,2020-07-14T10:07:40Z
+5491167980951,+191167970944,329,2021-01-15T12:13:02Z
+5491167920930,+5491167980950,212,2020-12-23T02:17:25Z
+191167980952,+5491167980953,175,2021-04-08T11:21:52Z
+191167980953,+5491167980953,35,2020-09-27T03:04:15Z
+5491167980950,+5491167980953,390,2020-04-27T13:56:38Z
+5491167950940,+5491167920930,412,2020-04-23T17:25:10Z
+5491167980951,+5491167980951,328,2021-03-11T09:42:00Z
+5491167980953,+5491167980950,288,2020-07-10T08:52:14Z
+5491167980954,+5491167980951,323,2020-09-01T17:30:16Z
+5491167910920,+5491167980953,61,2020-11-20T07:25:51Z
+5491167920944,+5491167980954,114,2020-09-21T02:10:28Z
+191167970944,+191167980953,372,2021-04-01T13:04:34Z
+5491167910920,+191167980952,167,2020-12-08T05:04:34Z
+5491167920930,+5491167940999,499,2021-04-07T14:06:00Z
+5491167910920,+191167970944,334,2020-09-27T05:34:05Z
+5491167930920,+5491167980953,370,2020-09-21T23:27:35Z
+5491167980951,+5491167980950,149,2020-11-23T16:55:03Z
+191167980953,+5491167940999,365,2020-05-14T05:38:18Z
+5491167980954,+5491167910920,54,2020-12-16T23:21:49Z
+5491167980950,+5491167930920,170,2020-06-17T03:02:28Z
+5491167910920,+191167980953,172,2021-04-04T08:33:30Z
+5491167980951,+5491167980954,202,2020-08-09T00:52:30Z
+5491167950940,+191167970944,32,2021-03-13T02:39:25Z
+5491167920944,+5491167940999,316,2020-05-04T02:10:37Z
+5491167910920,+5491167910920,367,2020-05-06T09:27:43Z
+5491167920930,+5491167980954,470,2021-04-01T12:59:21Z
+5491167950940,+5491167920944,36,2020-10-13T09:23:28Z
+5491167980951,+191167980952,276,2020-09-14T12:08:05Z
+5491167930920,+5491167920944,349,2020-11-16T08:45:50Z
+5491167980950,+5491167980950,88,2021-04-06T16:57:15Z
+5491167980953,+5491167980954,380,2021-02-16T13:08:41Z
+191167980952,+5491167940999,241,2020-07-23T07:09:39Z
+191167970944,+191167980953,412,2020-05-05T14:48:22Z
+5491167920930,+5491167980954,115,2021-01-22T00:24:52Z
+5491167950940,+5491167930920,451,2020-08-30T22:14:53Z
+5491167940999,+5491167980954,116,2020-08-08T21:45:53Z
+5491167980953,+5491167920944,3,2020-06-24T00:56:10Z
+5491167910920,+5491167980950,200,2021-01-08T04:55:35Z
+191167980953,+5491167910920,104,2020-09-11T00:56:07Z
+5491167940999,+5491167980951,24,2021-01-05T08:31:22Z
+5491167930920,+5491167910920,426,2020-07-16T11:07:38Z
+5491167940999,+5491167930920,465,2020-09-20T23:39:49Z
+5491167940999,+5491167920944,175,2020-12-02T21:28:54Z
+191167980952,+5491167980953,191,2021-03-12T22:57:44Z
+191167980952,+5491167920944,115,2020-05-16T15:53:41Z
+5491167980954,+5491167980951,495,2020-12-30T13:19:43Z
+191167970944,+5491167930920,304,2020-09-26T07:01:35Z
+191167980953,+5491167920930,233,2020-04-10T01:10:46Z
+5491167980950,+5491167920930,67,2020-12-18T11:55:17Z
+5491167980950,+5491167980954,28,2020-11-24T22:58:04Z
+5491167920930,+191167980953,26,2020-10-29T16:38:43Z
+191167970944,+5491167950940,485,2021-04-01T13:28:46Z
+5491167930920,+5491167940999,450,2021-02-20T17:26:43Z
+5491167940999,+5491167910920,496,2020-11-19T21:33:40Z
+5491167980950,+5491167910920,434,2020-12-24T22:33:07Z
+5491167980951,+5491167940999,485,2021-02-27T15:18:25Z
+5491167940999,+5491167980954,420,2020-10-17T21:15:52Z
+191167980952,+5491167950940,89,2020-06-11T18:02:46Z
+5491167940999,+5491167980954,379,2021-03-07T01:07:27Z
+5491167910920,+5491167980951,1,2020-06-27T20:10:22Z
+5491167930920,+5491167980951,157,2020-10-01T02:29:49Z
+5491167940999,+5491167930920,375,2020-06-05T08:59:17Z
+191167980953,+5491167910920,394,2021-01-10T19:59:08Z
+5491167980953,+5491167930920,236,2020-10-20T15:16:06Z
+5491167980951,+5491167980953,263,2020-05-09T08:45:29Z
+191167970944,+5491167950940,82,2020-08-26T07:49:57Z
+5491167980951,+5491167930920,237,2020-10-06T22:53:40Z
+5491167920944,+5491167950940,163,2020-12-29T14:33:33Z
+5491167930920,+5491167980951,171,2021-04-11T19:30:03Z
+5491167980953,+5491167980953,47,2020-10-30T11:08:06Z
+191167980952,+5491167920944,431,2020-10-23T07:58:53Z
+5491167920930,+5491167980951,376,2020-05-16T09:38:58Z
+5491167950940,+5491167910920,164,2021-04-01T23:18:16Z
+5491167930920,+191167970944,479,2020-07-27T22:25:51Z
+5491167980951,+191167980953,445,2020-07-20T22:29:14Z
+191167970944,+5491167950940,410,2021-01-12T03:52:12Z
+5491167920930,+191167970944,192,2020-07-11T11:42:51Z
+5491167910920,+191167980952,20,2020-08-31T18:22:56Z
+5491167980950,+5491167910920,418,2020-07-04T05:51:02Z
+5491167940999,+191167980953,465,2020-10-27T08:58:14Z
+5491167950940,+191167980953,315,2020-07-02T09:10:44Z
+5491167950940,+191167980953,199,2020-06-05T04:28:04Z
+191167980953,+5491167920930,282,2020-07-13T16:22:37Z
+191167970944,+5491167910920,76,2020-06-14T14:53:18Z
+191167980952,+5491167980953,131,2020-11-06T00:02:16Z
+191167980953,+5491167920944,423,2020-11-22T21:57:13Z
+5491167980950,+5491167940999,433,2020-06-22T20:34:57Z
+5491167980954,+5491167940999,338,2020-10-03T17:53:56Z
+5491167920930,+5491167980951,182,2020-08-27T14:57:38Z
+5491167920944,+5491167950940,426,2021-03-18T01:57:00Z
+5491167980950,+191167970944,487,2020-06-10T13:02:49Z
+191167970944,+5491167980954,188,2021-02-05T21:06:52Z
+5491167910920,+5491167920930,239,2020-06-23T13:45:53Z
+5491167920930,+5491167930920,73,2020-11-18T17:21:22Z
+5491167920930,+5491167980953,40,2020-08-15T23:09:47Z
+5491167980950,+5491167980953,11,2020-09-27T01:21:30Z
+5491167920930,+5491167910920,384,2021-01-30T21:55:15Z
+5491167920930,+5491167910920,435,2021-02-16T01:43:57Z
+5491167980951,+5491167980953,76,2021-01-17T13:45:42Z
+191167980952,+191167980953,189,2020-09-17T20:37:40Z
+5491167920944,+191167980953,484,2021-03-13T00:52:57Z
+5491167930920,+5491167950940,26,2020-04-19T02:38:10Z
+191167980952,+5491167980954,50,2021-04-13T23:52:26Z
+5491167940999,+191167970944,143,2020-12-27T18:42:50Z
+5491167920944,+191167970944,3,2020-11-15T02:35:20Z
+5491167980951,+5491167920930,227,2020-07-02T13:32:44Z
+5491167930920,+5491167920930,429,2021-02-25T20:34:59Z
+191167970944,+5491167920930,310,2021-02-07T08:40:33Z
+5491167950940,+5491167920944,309,2020-04-06T17:16:16Z
+5491167920944,+5491167910920,122,2021-02-03T10:09:48Z
+5491167920944,+5491167980950,434,2020-10-16T20:34:39Z
+5491167920930,+191167980953,339,2020-11-16T18:34:40Z
+5491167920944,+5491167920930,183,2020-09-14T02:46:00Z
+5491167980951,+5491167950940,91,2021-03-19T00:50:02Z
+191167980953,+5491167980950,314,2021-03-16T02:01:49Z
+191167980953,+191167980953,266,2020-04-02T10:06:44Z
+191167970944,+5491167920944,138,2020-07-21T11:00:08Z
+5491167980950,+5491167940999,50,2020-09-19T10:49:01Z
+5491167980953,+5491167950940,328,2020-09-18T13:37:10Z
+5491167940999,+5491167930920,271,2020-10-11T20:14:06Z
+5491167980950,+5491167980954,392,2021-02-13T18:31:50Z
+191167980952,+5491167910920,8,2020-12-24T05:10:25Z
+5491167920930,+191167980953,270,2020-04-21T06:11:57Z
+5491167920944,+191167980952,112,2020-10-10T16:33:55Z
+5491167980951,+5491167940999,227,2020-08-31T22:10:05Z
+191167970944,+191167980953,431,2020-05-15T18:11:59Z
+5491167930920,+5491167980953,336,2020-06-30T07:08:06Z
+5491167920944,+5491167920944,249,2020-05-31T22:53:40Z
+191167980952,+5491167920944,278,2020-07-14T06:38:08Z
+5491167920944,+191167980953,143,2020-11-29T05:35:33Z
+5491167920930,+191167970944,211,2020-05-04T16:43:06Z
+5491167920944,+5491167950940,490,2020-12-09T12:25:48Z
+5491167910920,+5491167980950,425,2020-04-10T03:40:08Z
+5491167980951,+5491167920944,275,2021-03-06T14:20:35Z
+5491167920930,+5491167920944,204,2021-01-15T01:27:47Z
+5491167950940,+5491167940999,408,2021-02-15T21:52:24Z
+5491167980951,+5491167980954,191,2020-11-26T19:04:20Z
+5491167980953,+5491167980954,115,2021-02-08T08:13:29Z
+5491167980953,+5491167940999,33,2020-09-24T06:55:16Z
+191167980953,+5491167950940,355,2020-04-24T05:32:04Z
+5491167980953,+5491167980950,480,2020-05-16T01:30:23Z
+5491167910920,+191167980952,49,2020-12-19T09:01:14Z
+5491167980951,+191167980952,71,2020-11-25T01:14:55Z
+5491167930920,+191167970944,33,2021-03-02T07:36:37Z
+191167980953,+5491167940999,195,2020-06-18T22:09:59Z
+5491167980950,+191167980953,82,2021-02-21T01:47:08Z
+191167980953,+5491167910920,467,2020-05-29T17:58:21Z
+5491167950940,+5491167980953,353,2020-05-22T03:50:21Z
+5491167980953,+5491167910920,394,2020-12-17T14:01:13Z
+5491167920930,+5491167980950,370,2020-08-19T16:08:42Z
+5491167910920,+5491167980950,406,2020-05-15T22:40:25Z
+191167970944,+5491167980951,404,2020-11-20T00:55:07Z
+5491167920930,+191167980953,373,2021-02-06T11:38:36Z
+5491167930920,+191167980953,61,2020-05-16T20:27:28Z
+5491167950940,+5491167930920,11,2020-07-11T13:18:30Z
+5491167950940,+5491167920930,116,2020-12-30T05:09:26Z
+5491167980954,+5491167920930,384,2021-02-28T19:52:02Z
+5491167980954,+5491167980950,351,2020-12-31T02:14:26Z
+5491167980954,+5491167980951,140,2020-09-03T07:27:36Z
+5491167980950,+5491167980953,95,2020-09-07T11:39:19Z
+5491167910920,+5491167980950,337,2020-12-14T01:34:23Z
+5491167980950,+191167980952,180,2020-08-26T22:14:41Z
+5491167940999,+5491167980954,349,2021-01-20T09:21:49Z
+191167980952,+191167980952,272,2020-11-21T02:29:22Z
+5491167950940,+5491167920944,33,2021-01-19T02:42:18Z
+5491167980954,+191167970944,479,2020-07-01T20:38:57Z
+5491167920944,+5491167920930,448,2021-01-07T11:13:23Z
+5491167950940,+5491167940999,61,2020-10-31T08:29:31Z
+5491167940999,+191167970944,255,2020-12-28T22:53:51Z
+5491167940999,+191167980953,122,2021-01-26T04:22:56Z
+5491167980950,+5491167980953,160,2020-12-08T04:31:44Z
+5491167910920,+5491167920944,202,2021-03-19T16:44:54Z
+5491167910920,+5491167920944,294,2020-06-17T08:08:10Z
+5491167980954,+5491167930920,278,2020-07-19T17:26:41Z
+191167980953,+5491167940999,492,2020-05-31T14:17:29Z
+5491167920944,+5491167980950,401,2020-07-02T13:38:46Z
+5491167950940,+5491167980951,220,2020-11-25T07:51:35Z
+5491167930920,+5491167940999,466,2020-10-16T13:14:56Z
+191167980952,+5491167980953,306,2021-03-13T05:04:46Z
+5491167950940,+5491167980951,325,2020-09-11T03:53:28Z
+5491167980951,+5491167930920,222,2020-07-13T14:39:54Z
+5491167920944,+5491167920944,442,2020-05-05T05:52:39Z
+191167980953,+5491167950940,416,2020-06-10T11:36:15Z
+5491167930920,+5491167920930,183,2020-07-20T05:46:47Z
+5491167940999,+5491167940999,312,2021-02-06T19:32:35Z
+5491167930920,+191167980952,234,2020-09-04T23:17:36Z
+5491167930920,+5491167980954,453,2020-12-23T09:20:52Z
+191167980953,+5491167920944,292,2020-07-22T08:58:42Z
+5491167930920,+191167980953,390,2020-08-08T08:52:49Z
+5491167950940,+5491167950940,228,2021-01-06T12:19:02Z
+5491167930920,+5491167920944,66,2021-04-05T00:04:21Z
+5491167950940,+191167980953,33,2020-08-23T23:23:40Z
+5491167980950,+191167980953,299,2020-07-10T05:53:52Z
+5491167910920,+5491167930920,381,2020-09-18T18:43:55Z
+5491167980950,+5491167980951,269,2020-04-11T18:46:50Z
+5491167980950,+191167970944,130,2021-04-13T17:08:00Z
+5491167980951,+5491167930920,300,2020-12-22T11:21:18Z
+5491167940999,+5491167940999,167,2020-05-18T04:46:00Z
+5491167950940,+5491167950940,384,2021-02-14T18:04:58Z
+5491167920930,+5491167950940,483,2020-09-11T08:45:42Z
+5491167980950,+5491167980954,269,2020-11-20T22:29:35Z
+191167980953,+5491167980954,6,2020-04-01T21:18:03Z
+5491167980950,+5491167980953,57,2020-05-16T04:06:37Z
+191167970944,+5491167920930,322,2020-09-10T00:11:13Z
+5491167980950,+5491167930920,129,2020-10-15T05:12:33Z
+191167970944,+5491167920944,190,2021-04-06T02:16:23Z
+5491167940999,+5491167910920,53,2020-12-02T08:17:25Z
+191167980952,+5491167950940,322,2020-08-08T14:01:05Z
+5491167980950,+5491167920930,456,2020-06-06T04:36:02Z
+5491167980950,+5491167920944,199,2020-04-15T13:57:32Z
+5491167940999,+5491167910920,291,2020-07-18T02:29:43Z
+191167980953,+5491167980953,368,2020-07-19T17:47:23Z
+191167980952,+191167970944,383,2020-12-09T20:47:03Z
+5491167980951,+5491167980951,389,2020-10-25T10:28:12Z
+5491167920930,+191167980952,120,2020-10-06T09:07:07Z
+5491167940999,+5491167980953,184,2021-02-20T02:10:11Z
+5491167980950,+191167980953,124,2020-12-16T13:48:01Z
+5491167930920,+191167980952,387,2021-03-26T06:56:24Z
+5491167980951,+5491167980951,142,2021-03-21T22:19:52Z
+191167970944,+191167970944,32,2020-06-23T06:09:57Z
+5491167980951,+191167970944,180,2021-03-25T22:59:39Z
+5491167920944,+5491167980951,372,2020-11-22T06:05:31Z
+5491167910920,+5491167920930,301,2020-07-06T14:50:22Z
+5491167980951,+191167980952,218,2020-06-09T21:27:37Z
+5491167940999,+5491167930920,155,2020-12-13T10:41:22Z
+5491167920930,+191167970944,303,2020-05-12T19:43:21Z
+191167980953,+5491167980951,126,2020-08-15T20:56:53Z
+5491167950940,+5491167940999,356,2020-10-30T15:54:26Z
+191167970944,+5491167940999,264,2020-12-20T00:18:25Z
+5491167980954,+5491167940999,169,2021-03-25T00:09:56Z
+5491167920944,+5491167910920,494,2021-03-19T13:34:53Z
+5491167910920,+5491167940999,56,2020-06-13T11:38:59Z
+5491167980954,+5491167910920,498,2020-05-02T08:16:22Z
+5491167980953,+191167980953,66,2020-09-28T01:20:55Z
+5491167980954,+5491167920930,117,2020-12-29T05:34:43Z
+5491167980951,+5491167920930,90,2020-04-24T15:34:00Z
+191167970944,+5491167980953,155,2020-12-01T02:38:20Z
+5491167910920,+5491167950940,18,2020-07-29T00:48:48Z
+5491167980951,+5491167910920,273,2020-08-24T11:16:22Z
+191167970944,+191167970944,172,2020-08-09T10:17:27Z
+5491167930920,+191167980952,326,2020-09-14T05:22:06Z
+5491167920930,+5491167940999,475,2021-03-24T13:44:26Z
+5491167980954,+5491167910920,158,2020-10-28T18:32:10Z
+5491167920930,+5491167910920,126,2021-02-14T06:05:29Z
+191167980952,+5491167920944,144,2020-10-08T00:20:01Z
+191167970944,+191167980953,69,2021-02-14T17:28:03Z
+5491167920930,+5491167980953,26,2020-07-18T21:04:49Z
+5491167950940,+5491167930920,295,2021-02-18T18:20:18Z
+5491167950940,+191167970944,287,2021-02-05T04:30:41Z
+5491167980951,+5491167920930,160,2020-10-21T05:33:20Z
+5491167940999,+5491167940999,168,2020-11-24T11:25:11Z
+5491167910920,+5491167980954,499,2021-01-23T07:06:49Z
+191167980952,+5491167980954,393,2020-04-27T01:10:42Z
+191167980953,+5491167920930,358,2020-08-11T21:13:51Z
+5491167980953,+5491167940999,256,2020-06-19T19:49:44Z
+5491167980954,+5491167930920,99,2020-09-12T22:28:31Z
+191167970944,+5491167950940,354,2020-09-17T04:53:44Z
+5491167950940,+5491167940999,94,2021-03-27T17:03:53Z
+5491167980950,+5491167910920,286,2020-10-14T02:23:19Z
+5491167980951,+5491167920930,77,2020-06-14T16:41:40Z
+191167970944,+191167970944,265,2020-09-19T14:15:16Z
+5491167920930,+191167970944,88,2021-01-20T11:19:06Z
+191167980952,+5491167980954,236,2021-04-10T16:22:41Z
+5491167940999,+5491167980954,294,2021-01-16T21:03:36Z
+5491167910920,+5491167910920,152,2020-08-05T11:37:21Z
+5491167940999,+5491167980954,27,2020-04-15T03:24:53Z
+5491167920930,+5491167910920,238,2020-04-18T18:23:30Z
+5491167910920,+5491167910920,437,2020-08-31T00:30:56Z
+5491167980954,+5491167950940,414,2020-05-13T05:45:17Z
+5491167980950,+5491167910920,125,2020-06-29T17:00:00Z
+191167980952,+5491167980954,397,2021-02-01T02:49:54Z
+191167980953,+191167980953,207,2020-11-19T21:03:51Z
+5491167930920,+5491167920944,218,2020-12-15T13:38:29Z
+191167970944,+5491167920930,33,2020-10-10T12:40:57Z
+191167970944,+5491167920944,447,2020-11-07T01:39:57Z
+5491167980953,+5491167920944,491,2020-09-18T02:21:24Z
+5491167920930,+191167980953,237,2020-06-17T05:47:11Z
+191167980952,+5491167930920,390,2020-12-27T03:44:54Z
+5491167950940,+5491167940999,415,2021-01-18T06:07:33Z
+5491167910920,+191167980952,234,2020-11-04T10:57:36Z
+5491167980950,+5491167950940,228,2020-06-29T15:48:43Z
+5491167980951,+5491167980953,55,2021-03-08T11:42:41Z
+5491167920944,+5491167920944,395,2020-04-03T00:28:12Z
+5491167980951,+5491167980951,385,2020-10-21T19:02:26Z
+5491167930920,+5491167950940,294,2020-08-07T22:49:46Z
+5491167980953,+5491167940999,244,2020-05-02T22:10:36Z
+191167980953,+5491167940999,409,2020-11-01T04:49:33Z
+191167980953,+5491167980951,272,2020-07-09T14:24:52Z
+5491167940999,+5491167980954,57,2021-03-05T12:30:38Z
+5491167950940,+191167970944,323,2020-07-22T16:19:09Z
+5491167930920,+5491167980951,148,2020-08-29T03:38:32Z
+5491167980951,+191167980953,66,2020-06-16T22:00:06Z
+5491167910920,+5491167920930,437,2020-11-24T00:42:59Z
+5491167980951,+5491167930920,27,2021-02-06T21:46:55Z
+5491167950940,+5491167950940,206,2020-09-14T03:27:24Z
+191167980953,+191167980952,70,2020-06-10T19:03:29Z
+191167970944,+191167970944,207,2020-10-11T23:09:28Z
+191167980952,+5491167980951,127,2020-06-24T08:22:00Z
+5491167980950,+5491167980954,328,2020-10-09T04:17:20Z
+5491167920944,+5491167920944,360,2020-04-15T15:57:59Z
+5491167980953,+191167970944,141,2021-01-29T04:42:16Z
+5491167980953,+5491167980951,88,2020-06-02T19:21:10Z
+191167980952,+5491167910920,386,2020-12-02T18:04:58Z
+5491167980953,+5491167980953,326,2020-09-18T01:34:15Z
+5491167940999,+5491167910920,223,2021-01-15T15:58:41Z
+5491167980953,+5491167980951,372,2021-02-28T07:20:07Z
+191167970944,+5491167910920,228,2021-04-11T06:04:07Z
+5491167940999,+191167980952,129,2020-10-17T12:53:16Z
+5491167910920,+5491167910920,293,2021-04-06T11:33:43Z
+191167980952,+5491167930920,461,2020-11-15T23:13:09Z
+5491167980953,+5491167920944,431,2021-03-02T12:19:12Z
+5491167910920,+5491167920944,418,2021-03-21T08:39:32Z
+191167980953,+191167970944,380,2020-06-17T23:06:50Z
+5491167910920,+5491167910920,249,2020-08-03T05:29:59Z
+5491167930920,+5491167980951,416,2020-09-23T10:39:28Z
+5491167980951,+5491167980950,70,2020-09-07T20:27:24Z
+5491167980953,+5491167950940,494,2020-06-05T01:15:20Z
+5491167950940,+191167970944,395,2020-07-14T20:26:01Z
+5491167950940,+5491167910920,94,2020-04-16T10:02:35Z
+191167980953,+5491167980951,211,2020-05-02T14:08:51Z
+5491167950940,+5491167980954,212,2020-12-04T04:06:05Z
+191167980952,+5491167910920,21,2021-02-02T21:08:28Z
+5491167950940,+5491167980951,69,2021-03-21T06:01:01Z
+5491167920930,+191167970944,310,2020-05-15T02:26:01Z
+5491167940999,+5491167920930,360,2021-04-03T13:21:39Z
+5491167980953,+5491167940999,139,2020-05-26T03:10:48Z
+191167970944,+5491167930920,337,2021-02-08T09:40:10Z
+5491167920930,+5491167940999,262,2020-09-14T19:05:23Z
+191167980952,+5491167910920,425,2020-12-03T07:48:12Z
+191167970944,+191167980953,231,2021-04-01T10:05:25Z
+5491167980954,+5491167980954,320,2020-11-18T03:45:34Z
+5491167920930,+5491167980950,133,2021-02-18T06:21:38Z
+5491167980954,+191167980953,454,2021-03-02T05:54:55Z
+191167980953,+191167980953,269,2020-09-02T08:02:07Z
+191167980953,+5491167920930,483,2020-06-06T00:38:32Z
+5491167980950,+5491167980951,380,2020-06-22T11:10:56Z
+5491167920944,+5491167950940,135,2020-12-10T00:48:32Z
+5491167910920,+5491167980950,125,2020-12-10T16:20:30Z
+5491167920944,+5491167980950,339,2020-05-02T19:20:48Z
+5491167980950,+191167970944,112,2020-11-22T10:10:40Z
+5491167920930,+5491167980953,411,2020-09-28T02:36:44Z
+5491167910920,+5491167980951,233,2020-10-18T12:13:13Z
+5491167950940,+5491167930920,269,2020-12-17T14:24:26Z
+5491167980951,+5491167980954,101,2020-11-02T08:56:02Z
+5491167920930,+5491167920930,393,2021-04-07T01:00:06Z
+5491167940999,+191167980952,210,2020-06-09T02:49:25Z
+191167980953,+5491167910920,273,2020-04-17T15:34:32Z
+5491167980951,+5491167920930,412,2020-05-31T06:45:27Z
+191167980953,+5491167920944,109,2020-10-14T05:16:48Z
+5491167950940,+5491167980950,476,2020-08-24T08:34:46Z
+5491167910920,+5491167920944,201,2021-01-11T13:12:34Z
+5491167980954,+5491167980953,329,2020-05-16T09:35:52Z
+191167980953,+5491167980950,82,2020-09-25T11:52:45Z
+5491167980950,+5491167910920,456,2021-04-05T05:50:00Z
+191167970944,+5491167910920,53,2020-12-21T03:16:06Z
+5491167980953,+5491167980950,151,2020-06-15T03:56:58Z
+5491167910920,+5491167930920,192,2021-01-06T01:14:25Z
+5491167980950,+191167980953,416,2020-08-25T11:11:50Z
+5491167920930,+5491167920930,100,2020-10-19T19:15:12Z
+191167980952,+5491167920930,181,2021-01-14T03:13:49Z
+191167980953,+5491167910920,66,2020-07-26T06:07:56Z
+5491167980950,+5491167980953,16,2021-04-12T11:02:03Z
+5491167940999,+5491167940999,285,2021-03-23T05:37:20Z
+191167970944,+5491167980951,461,2021-04-05T01:33:15Z
+5491167920930,+191167970944,68,2020-10-10T15:15:54Z
+5491167930920,+5491167980954,243,2020-04-27T00:42:13Z
+191167970944,+5491167980953,102,2020-07-13T21:28:06Z
+5491167930920,+191167980953,42,2020-04-05T01:00:21Z
+5491167980953,+5491167910920,135,2020-05-15T07:54:42Z
+5491167980953,+5491167910920,23,2020-07-13T16:22:38Z
+5491167920930,+5491167940999,331,2020-10-30T20:04:23Z
+191167970944,+5491167920944,221,2020-12-11T12:56:09Z
+5491167920930,+191167980952,288,2020-04-11T15:02:24Z
+5491167980950,+5491167940999,116,2021-02-01T14:24:37Z
+5491167920930,+5491167930920,472,2020-07-12T15:33:54Z
+5491167910920,+5491167980953,448,2020-12-01T17:20:48Z
+5491167980951,+191167970944,4,2021-01-28T00:40:31Z
+5491167920944,+5491167920944,499,2020-05-18T18:36:22Z
+5491167950940,+5491167920944,405,2021-01-09T04:22:40Z
+5491167980950,+5491167950940,95,2021-04-09T19:57:20Z
+5491167980953,+191167980952,405,2020-06-10T14:01:50Z
+5491167950940,+5491167930920,473,2020-11-02T03:12:14Z
+5491167950940,+5491167930920,300,2020-04-17T11:27:37Z
+5491167920930,+5491167920944,363,2020-10-07T13:12:33Z
+5491167980954,+5491167950940,469,2020-08-19T16:57:38Z
+5491167980954,+5491167920930,141,2020-04-20T14:22:32Z
+5491167910920,+5491167980951,25,2020-10-28T18:13:09Z
+5491167920930,+191167980953,308,2020-08-18T01:29:21Z
+5491167940999,+5491167920930,282,2020-08-22T12:22:47Z
+191167980953,+5491167980953,69,2020-08-31T03:26:37Z
+5491167910920,+5491167980950,44,2021-02-23T21:34:52Z
+5491167980951,+191167980953,437,2020-10-14T14:10:59Z
+191167980952,+191167970944,28,2020-04-14T18:23:00Z
+5491167980950,+5491167980950,117,2021-03-25T19:33:42Z
+191167970944,+5491167980950,13,2020-07-16T01:12:14Z
+5491167980953,+5491167920944,76,2020-04-17T12:20:35Z
+5491167980953,+5491167980950,194,2020-10-02T04:44:21Z
+5491167980951,+5491167940999,199,2020-11-01T16:47:03Z
+5491167980951,+5491167920944,117,2020-06-19T19:03:38Z
+191167980952,+5491167980951,420,2020-12-18T04:44:35Z
+191167970944,+5491167910920,489,2021-04-09T17:28:22Z
+191167970944,+5491167950940,79,2020-05-19T04:35:46Z
+5491167980951,+5491167930920,112,2021-02-11T20:29:17Z
+5491167910920,+191167970944,215,2021-02-15T11:32:33Z
+5491167980951,+5491167920944,220,2020-06-20T20:47:54Z
+191167970944,+5491167980954,213,2021-02-04T23:28:39Z
+5491167910920,+5491167940999,162,2020-07-20T03:23:27Z
+5491167940999,+5491167930920,353,2020-05-14T10:33:40Z
+5491167980950,+191167980953,460,2021-02-17T07:03:33Z
+5491167940999,+191167980952,94,2020-08-23T04:46:14Z
+5491167950940,+5491167940999,179,2020-07-28T03:18:27Z
+191167970944,+5491167920944,272,2020-11-13T16:23:56Z
+191167970944,+5491167950940,60,2020-10-06T19:23:34Z
+5491167950940,+5491167980951,411,2020-05-12T00:20:15Z
+5491167930920,+5491167980950,176,2020-07-06T02:10:25Z
+5491167980954,+5491167940999,471,2020-08-22T11:58:16Z
+5491167910920,+5491167950940,230,2020-04-08T21:49:08Z
+5491167910920,+5491167980953,242,2020-04-08T18:40:38Z
+5491167980950,+5491167920944,235,2021-01-01T19:42:56Z
+5491167980953,+5491167950940,132,2020-11-28T04:34:47Z
+5491167980954,+5491167920930,269,2020-10-11T10:17:32Z
+5491167910920,+191167970944,334,2020-04-12T04:29:55Z
+5491167980954,+5491167980950,397,2020-11-17T09:34:21Z
+191167970944,+5491167950940,102,2020-05-19T09:26:07Z
+5491167930920,+5491167920930,406,2021-02-04T03:13:25Z
+5491167980953,+5491167940999,205,2020-09-21T17:16:30Z
+5491167980950,+5491167980951,86,2020-12-15T08:57:06Z
+5491167920944,+5491167980951,15,2020-09-25T16:20:47Z
+5491167980954,+5491167980954,499,2020-12-20T02:18:55Z
+5491167940999,+5491167910920,322,2020-11-07T19:16:30Z
+5491167930920,+5491167920944,89,2021-04-01T00:23:07Z
+5491167920930,+5491167920944,316,2020-06-16T10:42:04Z
+5491167940999,+5491167930920,48,2021-02-06T02:51:13Z
+5491167980953,+5491167980953,476,2020-07-17T05:16:21Z
+5491167950940,+5491167920944,492,2020-06-28T05:51:08Z
+5491167980951,+5491167940999,146,2020-12-13T10:05:51Z
+5491167930920,+5491167940999,72,2020-10-05T10:07:09Z
+5491167980954,+191167980952,171,2020-06-14T16:16:51Z
+5491167980953,+191167980952,435,2021-01-07T17:54:23Z
+5491167940999,+191167980953,103,2020-07-29T19:02:47Z
+5491167980953,+5491167910920,450,2021-01-28T11:57:14Z
+5491167980950,+5491167940999,303,2020-10-01T15:03:21Z
+191167970944,+5491167920930,468,2020-09-27T19:27:45Z
+191167980952,+191167980953,255,2020-10-19T21:32:12Z
+191167970944,+5491167940999,325,2020-09-05T20:52:44Z
